id,wildfire_ha
045001,0.0
045002,0.0
045003,228.0
045004,0.0
045005,2.0
045006,0.0
045007,228.0
045008,0.0
045009,0.0
045010,475.0
045011,8.0
045012,0.0
045013,0.0
045014,0.0
045015,0.0
045016,0.0
045017,53.0
046001,0.0
046002,387.0
046003,0.0
046004,0.0
046005,1134.0
046006,0.0
046007,573.0
046008,0.0
046009,0.0
046010,58.0
046011,11.0
046013,0.0
046014,0.0
046015,0.0
046017,1526.0
046018,918.0
046019,0.0
046020,0.0
046021,0.0
046022,193.0
046023,0.0
046024,0.0
046025,61.0
046026,0.0
046027,4.0
046028,153.0
046030,322.0
046031,0.0
046033,11.0
046034,46.0
046035,0.0
046036,0.0
046037,306.0
047002,0.0
047003,0.0
047005,0.0
047006,3.0
047007,0.0
047008,0.0
047009,0.0
047010,246.0
047011,0.0
047012,101.0
047013,0.0
047014,0.0
047016,0.0
047017,0.0
047018,0.0
047020,89.0
047021,0.0
047022,0.0
047023,0.0
047024,172.0
048001,0.0
048002,0.0
048004,0.0
048005,0.0
048006,0.0
048008,0.0
048010,0.0
048011,0.0
048012,0.0
048013,0.0
048014,0.0
048015,0.0
048017,0.0
048018,0.0
048019,0.0
048020,0.0
048021,48.0
048022,0.0
048024,0.0
048025,0.0
048026,0.0
048027,0.0
048028,0.0
048030,0.0
048031,0.0
048032,0.0
048033,0.0
048035,37.0
048036,0.0
048037,1.0
048038,0.0
048039,0.0
048041,0.0
048043,0.0
048044,0.0
048046,0.0
048049,0.0
048050,0.0
048052,38.0
048053,0.0
048054,0.0
049001,0.0
049002,0.0
049003,54.0
049004,0.0
049005,0.0
049006,0.0
049007,0.0
049008,0.0
049009,0.0
049010,66.0
049011,0.0
049012,0.0
049013,0.0
049014,0.0
049017,3.0
049018,0.0
049019,0.0
049020,0.0
049021,36.0
050001,0.0
050002,1331.0
050003,1207.0
050004,0.0
050005,0.0
050006,0.0
050008,0.0
050009,2.0
050010,0.0
050011,73.0
050012,0.0
050014,0.0
050015,0.0
050016,0.0
050019,0.0
050020,0.0
050021,0.0
050022,0.0
050023,0.0
050024,0.0
050025,0.0
050026,0.0
050027,73.0
050028,0.0
050029,0.0
050030,0.0
050031,602.0
050032,0.0
050033,0.0
050034,0.0
050035,0.0
050036,0.0
050037,115.0
050038,1383.0
050039,519.0
050040,0.0
050041,0.0
051001,0.0
051002,0.0
051003,1.0
051004,0.0
051005,65.0
051006,0.0
051007,0.0
051008,0.0
051010,0.0
051011,0.0
051012,0.0
051013,0.0
051014,0.0
051015,0.0
051016,0.0
051017,7.0
051018,0.0
051020,0.0
051021,3.0
051022,0.0
051023,0.0
051024,0.0
051025,0.0
051026,0.0
051027,0.0
051030,0.0
051031,0.0
051033,0.0
051034,0.0
051035,0.0
051037,0.0
051038,0.0
051039,0.0
051040,4.0
051041,0.0
051042,28.0
052001,496.0
052002,0.0
052003,0.0
052004,0.0
052005,0.0
052006,0.0
052007,0.0
052008,0.0
052009,0.0
052010,92.0
052011,0.0
052012,0.0
052013,0.0
052015,0.0
052016,0.0
052017,0.0
052018,0.0
052019,0.0
052020,556.0
052021,0.0
052022,0.0
052023,0.0
052024,45.0
052025,97.0
052026,0.0
052027,129.0
052028,0.0
052030,0.0
052031,45.0
052032,0.0
052033,6.0
052034,0.0
052035,0.0
052036,0.0
052037,0.0
053001,0.0
053002,36.0
053003,0.0
053004,0.0
053005,29.0
053006,200.0
053007,846.0
053008,52.0
053009,0.0
053010,0.0
053011,0.0
053012,0.0
053013,0.0
053014,175.0
053015,21.0
053016,3.0
053017,0.0
053018,72.0
053019,0.0
053020,35.0
053021,0.0
053022,0.0
053023,138.0
053024,0.0
053025,0.0
053026,0.0
053027,73.0
053028,0.0
054001,0.0
054002,0.0
054003,0.0
054004,0.0
054005,0.0
054006,0.0
054007,20.0
054008,0.0
054009,0.0
054010,0.0
054011,5.0
054012,49.0
054013,8.0
054014,0.0
054015,0.0
054016,87.0
054017,0.0
054018,0.0
054019,0.0
054020,0.0
054021,22.0
054022,0.0
054023,0.0
054024,179.0
054025,0.0
054026,0.0
054027,0.0
054028,0.0
054029,0.0
054030,0.0
054031,0.0
054032,6.0
054033,0.0
054034,0.0
054035,22.0
054036,0.0
054037,68.0
054038,0.0
054039,0.0
054040,0.0
054041,18.0
054042,0.0
054043,402.0
054044,0.0
054045,0.0
054046,0.0
054047,0.0
054048,0.0
054049,0.0
054050,0.0
054051,153.0
054052,0.0
054053,0.0
054054,0.0
054055,30.0
054056,0.0
054057,0.0
054058,0.0
054059,11.0
055001,0.0
055002,0.0
055003,164.0
055004,0.0
055005,0.0
055006,0.0
055007,46.0
055008,0.0
055009,0.0
055010,9.0
055011,0.0
055012,134.0
055013,11.0
055014,0.0
055015,269.0
055016,0.0
055017,0.0
055018,91.0
055019,0.0
055020,0.0
055021,0.0
055022,0.0
055023,30.0
055024,0.0
055025,0.0
055026,0.0
055027,134.0
055028,0.0
055029,0.0
055030,0.0
055031,50.0
055032,61.0
055033,0.0
056001,0.0
056002,0.0
056003,64.0
056004,65.0
056005,0.0
056006,0.0
056007,307.0
056008,0.0
056009,0.0
056010,37.0
056011,0.0
056012,14.0
056013,0.0
056014,2.0
056015,0.0
056016,0.0
056017,0.0
056018,0.0
056019,0.0
056020,0.0
056021,0.0
056022,0.0
056023,0.0
056024,0.0
056025,55.0
056026,0.0
056027,10.0
056028,0.0
056029,0.0
056030,0.0
056031,0.0
056032,0.0
056033,0.0
056034,0.0
056035,0.0
056036,0.0
056037,402.0
056038,0.0
056039,8.0
056040,0.0
056041,0.0
056042,0.0
056043,0.0
056044,0.0
056045,0.0
056046,0.0
056047,0.0
056048,35.0
056049,0.0
056050,50.0
056051,0.0
056052,4.0
056053,8.0
056054,0.0
056055,17.0
056056,37.0
056057,111.0
056058,0.0
056059,136.0
056060,0.0
057001,667.0
057002,667.0
057003,912.0
057004,0.0
057005,0.0
057006,27.0
057007,123.0
057008,84.0
057009,0.0
057010,0.0
057011,0.0
057012,0.0
057013,0.0
057014,55.0
057015,0.0
057016,97.0
057017,687.0
057018,0.0
057019,0.0
057020,0.0
057021,0.0
057022,0.0
057023,0.0
057024,50.0
057025,0.0
057026,0.0
057027,209.0
057028,71.0
057029,0.0
057030,0.0
057031,0.0
057032,0.0
057033,0.0
057034,0.0
057035,0.0
057036,0.0
057037,818.0
057038,55.0
057039,0.0
057040,0.0
057041,0.0
057042,40.0
057043,40.0
057044,0.0
057045,0.0
057046,0.0
057047,0.0
057048,0.0
057049,249.0
057050,191.0
057051,89.0
057052,0.0
057053,0.0
057054,0.0
057055,55.0
057056,0.0
057057,0.0
057058,10.0
057059,69.0
057060,0.0
057061,0.0
057062,0.0
057063,0.0
057064,54.0
057065,0.0
057066,0.0
057067,0.0
057068,260.0
057069,0.0
057070,0.0
057071,0.0
057072,0.0
057073,0.0
058001,75.0
058002,0.0
058003,0.0
058004,0.0
058005,473.0
058006,0.0
058007,0.0
058008,0.0
058009,0.0
058010,0.0
058011,418.0
058012,46.0
058013,316.0
058014,0.0
058015,409.0
058016,0.0
058017,0.0
058018,240.0
058019,20.0
058020,34.0
058021,0.0
058022,0.0
058023,27.0
058024,275.0
058025,0.0
058026,0.0
058027,0.0
058028,0.0
058029,27.0
058030,0.0
058031,120.0
058032,189.0
058033,120.0
058034,0.0
058035,0.0
058036,142.0
058037,0.0
058038,0.0
058039,0.0
058040,0.0
058041,0.0
058042,3.0
058043,0.0
058044,0.0
058045,0.0
058046,126.0
058047,32.0
058048,0.0
058049,0.0
058050,0.0
058051,0.0
058052,40.0
058053,0.0
058054,11.0
058055,0.0
058056,0.0
058057,0.0
058058,47.0
058059,0.0
058060,25.0
058061,0.0
058062,0.0
058063,0.0
058064,101.0
058065,0.0
058066,131.0
058067,0.0
058068,414.0
058069,120.0
058070,0.0
058071,280.0
058072,147.0
058073,108.0
058074,0.0
058075,0.0
058076,119.0
058077,0.0
058078,0.0
058079,21.0
058080,0.0
058081,39.0
058082,62.0
058083,110.0
058084,0.0
058085,18.0
058086,0.0
058087,0.0
058088,15.0
058089,22.0
058090,0.0
058091,972.0
058092,151.0
058093,93.0
058094,0.0
058095,37.0
058096,0.0
058097,0.0
058098,32.0
058099,0.0
058100,0.0
058101,0.0
058102,0.0
058103,44.0
058104,750.0
058105,18.0
058106,0.0
058107,0.0
058108,46.0
058109,0.0
058110,0.0
058111,0.0
058112,47.0
058113,0.0
058114,0.0
058115,0.0
058116,0.0
058117,0.0
058118,0.0
058119,0.0
058120,0.0
058122,0.0
059001,0.0
059002,265.0
059003,559.0
059004,498.0
059005,36.0
059006,0.0
059007,3221.0
059008,3970.0
059009,1549.0
059010,5415.0
059011,0.0
059012,1395.0
059013,468.0
059014,41.0
059015,600.0
059016,98.0
059017,0.0
059018,0.0
059019,327.0
059020,652.0
059021,418.0
059022,359.0
059023,663.0
059024,0.0
059025,0.0
059026,830.0
059027,349.0
059028,656.0
059029,1524.0
059030,1014.0
059031,1880.0
059032,831.0
059033,0.0
060001,18.0
060002,144.0
060003,553.0
060004,1313.0
060005,1087.0
060006,272.0
060007,0.0
060008,138.0
060009,0.0
060010,0.0
060011,0.0
060012,380.0
060013,8.0
060014,0.0
060015,0.0
060016,433.0
060017,0.0
060018,0.0
060019,264.0
060020,18.0
060021,40.0
060022,446.0
060023,671.0
060024,0.0
060025,17.0
060026,1038.0
060027,40.0
060028,0.0
060029,1007.0
060030,618.0
060031,1128.0
060032,321.0
060033,446.0
060034,0.0
060035,0.0
060036,293.0
060037,0.0
060038,0.0
060039,137.0
060040,0.0
060041,308.0
060042,99.0
060043,0.0
060044,254.0
060045,0.0
060046,0.0
060047,1263.0
060048,0.0
060049,0.0
060050,0.0
060051,369.0
060052,431.0
060053,75.0
060054,0.0
060055,0.0
060056,312.0
060057,996.0
060058,17.0
060059,116.0
060060,447.0
060061,0.0
060062,214.0
060063,38.0
060064,94.0
060065,0.0
060066,23.0
060067,56.0
060068,137.0
060069,198.0
060070,471.0
060071,214.0
060072,0.0
060073,0.0
060074,242.0
060075,0.0
060076,89.0
060077,298.0
060078,0.0
060079,0.0
060080,0.0
060081,0.0
060082,1068.0
060083,142.0
060084,43.0
060085,212.0
060086,996.0
060087,193.0
060088,0.0
060089,887.0
060090,210.0
060091,221.0
066001,0.0
066002,0.0
066003,0.0
066004,0.0
066005,0.0
066006,83.0
066007,0.0
066008,82.0
066009,0.0
066010,0.0
066011,0.0
066012,0.0
066013,82.0
066014,0.0
066015,0.0
066016,0.0
066017,93.0
066018,0.0
066019,0.0
066020,176.0
066021,0.0
066022,0.0
066023,39.0
066024,0.0
066025,0.0
066026,422.0
066027,76.0
066028,0.0
066029,0.0
066030,0.0
066031,0.0
066032,0.0
066033,0.0
066034,19.0
066035,0.0
066036,93.0
066037,0.0
066038,41.0
066039,336.0
066040,150.0
066041,0.0
066042,0.0
066043,0.0
066044,0.0
066045,0.0
066046,0.0
066047,452.0
066048,0.0
066049,1043.0
066050,51.0
066051,0.0
066052,0.0
066053,0.0
066054,0.0
066055,0.0
066056,0.0
066057,0.0
066058,0.0
066059,0.0
066060,0.0
066061,0.0
066062,0.0
066063,510.0
066064,173.0
066065,0.0
066066,2165.0
066067,0.0
066068,0.0
066069,510.0
066070,0.0
066071,0.0
066072,360.0
066073,0.0
066074,0.0
066075,2471.0
066076,382.0
066077,548.0
066078,0.0
066079,0.0
066080,21.0
066081,0.0
066082,19.0
066083,0.0
066084,0.0
066085,0.0
066086,0.0
066087,0.0
066088,0.0
066089,123.0
066090,0.0
066091,0.0
066092,0.0
066093,0.0
066094,0.0
066095,0.0
066096,0.0
066097,218.0
066098,2471.0
066099,10.0
066100,218.0
066101,0.0
066102,0.0
066103,0.0
066104,21.0
066105,0.0
066106,0.0
066107,0.0
066108,96.0
067001,0.0
067002,0.0
067003,413.0
067004,73.0
067005,62.0
067006,0.0
067007,0.0
067008,0.0
067009,0.0
067010,0.0
067011,0.0
067012,0.0
067013,0.0
067014,0.0
067015,0.0
067016,0.0
067017,0.0
067018,0.0
067019,0.0
067020,0.0
067021,0.0
067022,0.0
067023,0.0
067024,0.0
067025,0.0
067026,0.0
067027,0.0
067028,0.0
067029,73.0
067030,0.0
067031,0.0
067032,0.0
067033,0.0
067034,0.0
067035,0.0
067036,0.0
067037,0.0
067038,0.0
067039,0.0
067040,0.0
067041,122.0
067042,0.0
067043,0.0
067044,0.0
067045,0.0
067046,0.0
067047,0.0
068001,201.0
068002,0.0
068003,0.0
068004,0.0
068005,150.0
068006,0.0
068007,2282.0
068008,21.0
068009,440.0
068010,0.0
068011,0.0
068012,28.0
068013,0.0
068014,0.0
068015,0.0
068016,12.0
068017,0.0
068018,0.0
068019,383.0
068020,178.0
068021,0.0
068022,0.0
068023,0.0
068024,0.0
068025,0.0
068026,0.0
068027,0.0
068028,0.0
068029,21.0
068030,0.0
068031,0.0
068032,0.0
068033,0.0
068034,201.0
068035,0.0
068036,2039.0
068037,2039.0
068038,0.0
068039,0.0
068040,108.0
068041,0.0
068042,315.0
068043,0.0
068044,0.0
068045,0.0
068046,0.0
069001,0.0
069002,128.0
069003,0.0
069004,0.0
069005,790.0
069006,0.0
069007,0.0
069008,0.0
069009,0.0
069010,0.0
069011,850.0
069012,0.0
069013,0.0
069014,0.0
069015,0.0
069016,0.0
069017,0.0
069018,0.0
069019,0.0
069020,709.0
069021,0.0
069022,0.0
069023,0.0
069024,0.0
069025,0.0
069026,0.0
069027,0.0
069028,0.0
069029,53.0
069030,0.0
069031,0.0
069032,0.0
069033,0.0
069034,0.0
069035,0.0
069036,0.0
069037,0.0
069038,0.0
069039,0.0
069040,0.0
069041,0.0
069042,0.0
069043,0.0
069044,28.0
069045,0.0
069046,0.0
069047,0.0
069048,0.0
069049,0.0
069050,0.0
069051,750.0
069052,0.0
069053,0.0
069054,0.0
069055,48.0
069056,4.0
069057,0.0
069058,86.0
069059,4.0
069060,0.0
069061,0.0
069062,36.0
069063,0.0
069064,0.0
069065,0.0
069066,266.0
069067,0.0
069068,0.0
069069,0.0
069070,358.0
069071,0.0
069072,0.0
069073,0.0
069074,65.0
069075,0.0
069076,0.0
069077,0.0
069078,0.0
069079,0.0
069080,0.0
069081,0.0
069082,0.0
069083,0.0
069084,0.0
069085,0.0
069086,0.0
069087,0.0
069088,713.0
069089,0.0
069090,0.0
069091,0.0
069092,750.0
069093,0.0
069094,0.0
069095,0.0
069096,0.0
069097,56.0
069098,0.0
069099,0.0
069100,0.0
069101,0.0
069102,0.0
069103,0.0
069104,0.0
100001,2.0
100002,0.0
100003,0.0
100004,0.0
100005,4.0
100006,10.0
100007,0.0
